"body_length","richness","simpson","shannon","phyllosphere_prop","soil_prop","unknown_prop","individual_id","insect_species","insect_family","plant_family","simpson_adj","soil_prop_adj","phyllosphere_prop_adj","unknown_prop_adj"
66.88071963,52,0.023,0.0855,0.002364718,0.087015797,0.910619485,"L_BJDLS190908_086","Phalera_flavescens","Notodontidae","Rosaceae",0.023,0.087015797,0.002364718,0.910619485
54.28774479,68,0.041,0.164,0.00804218,0.001862381,0.99009544,"L_CMX20210729_014","Xestia_c-nigrum","Noctuidae","Cruciferae",0.041,0.001862381,0.00804218,0.99009544
69.72111554,19,0.046,0.166,0.977847165,0.005340891,0.016811944,"L_SLX20210913_004","Narosoideus_flavidorsalis","Limacodidae","Rhamnaceae",0.046,0.005340891,0.977847165,0.016811944
80.01763263,56,0.073,0.292,0.003869589,0.970975365,0.025155046,"L_SLX20210915_033","Somena_scintillans","Erebidae","Leguminosae",0.073,0.970975365,0.003869589,0.025155046
82.48546512,19,0.117,0.326,0.971591428,0.007517187,0.020891385,"L_SLX20210915_038","Acronicta_strigosa","Noctuidae","Rosaceae",0.117,0.007517187,0.971591428,0.020891385
89.64143426,13,0.129,0.326,0.973530079,0.00525932,0.021210601,"L_SLX20210915_041","Narosoideus_flavidorsalis","Limacodidae","Rosaceae",0.129,0.00525932,0.973530079,0.021210601
58.71028866,42,0.125,0.383,0.972962351,0.023207891,0.003829757,"L_SLX20210913_006","Parasa_consocia","Limacodidae","Rhamnaceae",0.125,0.023207891,0.972962351,0.003829757
46.4589497,39,0.216,0.41,0.880100057,0.013359367,0.106540576,"L_BJDLS190908_014","Phalera_alpherakyi","Notodontidae","Ulmaceae",0.216,0.013359367,0.880100057,0.106540576
71.06759318,232,0.136,0.415,0.005058167,0.053981133,0.9409607,"L_CMX20210729_011","Xestia_c-nigrum","Noctuidae","Cruciferae",0.136,0.053981133,0.005058167,0.9409607
100,26,0.127,0.435,0.958847426,0.025486479,0.015666095,"L_SLX20210915_025","Somena_scintillans","Erebidae","Ulmaceae",0.127,0.025486479,0.958847426,0.015666095
35.30092593,112,0.107,0.443,0.002341588,0.958669481,0.038988931,"L_SLX20210915_017","Calliteara_pudibunda","Erebidae","Salicaceae",0.107,0.958669481,0.002341588,0.038988931
14.25307906,19,0.15,0.458,0.344886077,0.388791951,0.266321973,"L_ZDXG190726_008","Lebeda_nobilis","Lasiocampidae","Juglandaceae",0.15,0.388791951,0.344886077,0.266321973
100,12,0.273,0.459,0.838474763,0.000234486,0.161290751,"L_SLX20210913_019","Helicoverpa_armigera","Noctuidae","Malvaceae",0.273,0.000234486,0.838474763,0.161290751
63.2474701,58,0.161,0.497,0.06726647,0.009734249,0.922999281,"L_SLX20210916_039","Somena_scintillans","Erebidae","Rosaceae",0.161,0.009734249,0.06726647,0.922999281
35.88418635,82,0.144,0.501,0.038003292,0.910195263,0.051801445,"L_SLX20210914_038","Helicoverpa_armigera","Noctuidae","Polygonaceae",0.144,0.910195263,0.038003292,0.051801445
77.6062417,7,0.22,0.503,0.945308256,0.039255815,0.01543593,"L_SLX20210915_042","Narosoideus_flavidorsalis","Limacodidae","Rosaceae",0.22,0.039255815,0.945308256,0.01543593
59.04796512,138,0.123,0.506,0.016586045,0.849674027,0.133739927,"L_SLX20210913_028","Acronicta_strigosa","Noctuidae","Rosaceae",0.123,0.849674027,0.016586045,0.133739927
75.47669492,67,0.139,0.516,0.401425434,0.23933752,0.359237046,"L_CMX20210803_016","Garaeus_AH01Ch","Geometridae","Coriariaceae",0.139,0.23933752,0.401425434,0.359237046
66.85458225,15,0.272,0.531,0.872452475,0.00010738,0.127440145,"L_BJDLS190908_026","Calliteara_contexta","Erebidae","Ulmaceae",0.272,0.00010738,0.872452475,0.127440145
57.97955975,87,0.14,0.532,0.398557727,0.561779091,0.039663182,"L_CMX20210804_047","Dasystoma_salicella","Lypusidae","Elaeagnaceae",0.14,0.561779091,0.398557727,0.039663182
70.91046173,61,0.208,0.563,0.012688206,0.132685069,0.854626724,"L_BJDLS190908_092","Phalera_flavescens","Notodontidae","Rosaceae",0.208,0.132685069,0.012688206,0.854626724
100,134,0.142,0.57,0.004686545,0.880185849,0.115127606,"L_SLX20210914_037","Helicoverpa_armigera","Noctuidae","Polygonaceae",0.142,0.880185849,0.004686545,0.115127606
35.15403557,122,0.143,0.582,0.01759361,0.919461443,0.062944947,"L_SLX20210915_028","Calliteara_conjuncta","Erebidae","Ulmaceae",0.143,0.919461443,0.01759361,0.062944947
89.55494204,38,0.246,0.582,0.879816995,0.008734872,0.111448134,"L_ZCGS190803_010","Kunugia_yamadai","Lasiocampidae","Fagaceae",0.246,0.008734872,0.879816995,0.111448134
100,44,0.24,0.583,0.911544028,0.06899781,0.019458162,"L_MFS20210911_003","Acronicta_major","Noctuidae","Rosaceae",0.24,0.06899781,0.911544028,0.019458162
59.04796512,105,0.162,0.586,0.028531091,0.931532963,0.039935947,"L_SLX20210915_040","Acronicta_strigosa","Noctuidae","Rosaceae",0.162,0.931532963,0.028531091,0.039935947
100,36,0.282,0.592,0.846721607,0.001648802,0.151629591,"L_SLX20210913_020","Helicoverpa_armigera","Noctuidae","Malvaceae",0.282,0.001648802,0.846721607,0.151629591
51.10062893,240,0.232,0.601,0.033640657,0.03804169,0.928317652,"L_CMX20210803_017","Dasystoma_salicella","Lypusidae","Coriariaceae",0.232,0.03804169,0.033640657,0.928317652
96.92574348,79,0.214,0.609,0.916537718,0.06441663,0.019045651,"L_MFS20210911_018","Marumba_gaschkewitschii","Sphingidae","Rhamnaceae",0.214,0.06441663,0.916537718,0.019045651
50.21580345,149,0.147,0.614,0.004806227,0.899843798,0.095349975,"L_SLX20210913_037","Narosoideus_flavidorsalis","Limacodidae","Rosaceae",0.147,0.899843798,0.004806227,0.095349975
69.47638761,45,0.269,0.625,0.131825127,0.017527682,0.850647191,"L_SLX20210916_041","Somena_scintillans","Erebidae","Rosaceae",0.269,0.017527682,0.131825127,0.850647191
56.85590969,113,0.188,0.636,0.027488288,0.889415104,0.083096608,"L_SLX20210913_001","Narosoideus_flavidorsalis","Limacodidae","Juglandaceae",0.188,0.889415104,0.027488288,0.083096608
61.16763566,177,0.157,0.639,0.019172387,0.949752813,0.031074801,"L_SLX20210915_020","Acronicta_strigosa","Noctuidae","Polygonaceae",0.157,0.949752813,0.019172387,0.031074801
54.81315862,56,0.349,0.649,0.620442992,0.152960931,0.226596077,"L_MFS20210911_007","Phalera_flavescens","Notodontidae","Rosaceae",0.349,0.152960931,0.620442992,0.226596077
72.62616202,139,0.159,0.653,0.023492085,0.878099595,0.098408321,"L_MFS20210911_005","Narosoideus_flavidorsalis","Limacodidae","Rosaceae",0.159,0.878099595,0.023492085,0.098408321
65.00967586,30,0.294,0.653,0.853715071,0.135980721,0.010304208,"L_SLX20210913_003","Parasa_consocia","Limacodidae","Rhamnaceae",0.294,0.135980721,0.853715071,0.010304208
100,11,0.435,0.656,0.983874303,0.001339349,0.014786348,"L_SLX20210916_005","Fentonia_ocypete","Notodontidae","Fagaceae",0.435,0.001339349,0.983874303,0.014786348
55.09501772,206,0.155,0.658,0.0126637,0.931289117,0.056047183,"L_CMX20210729_001","Antoculeora_ornatissima","Noctuidae","Cruciferae",0.155,0.931289117,0.0126637,0.056047183
87.47454574,14,0.295,0.662,0.870470721,0.00287728,0.126651999,"L_ZCGS190803_004","Kunugia_yamadai","Lasiocampidae","Altingiaceae",0.295,0.00287728,0.870470721,0.126651999
41.76493711,53,0.186,0.667,0.319331384,0.305757415,0.374911201,"L_CMX20210803_014","Dasystoma_salicella","Lypusidae","Coriariaceae",0.186,0.305757415,0.319331384,0.374911201
100,99,0.171,0.674,0.037639555,0.893612449,0.068747996,"L_CMX20210731_005","Hypomecis_AH01Ch","Geometridae","Hamamelidaceae",0.171,0.893612449,0.037639555,0.068747996
64.68593862,129,0.164,0.674,0.039323797,0.010640242,0.950035961,"L_CMX20210801_008","Alcis_AH03Ch","Geometridae","Salicaceae",0.164,0.010640242,0.039323797,0.950035961
60.0166507,68,0.365,0.676,0.008791412,0.000177076,0.991031512,"L_ZDXG190731_011","Jankowskia_fuscaria","Geometridae","Celastraceae",0.365,0.000177076,0.008791412,0.991031512
67.09199036,94,0.268,0.695,0.040319097,0.002734844,0.956946059,"L_BJDLS190908_053","Lemyra_flavalis","Erebidae","Juglandaceae",0.268,0.002734844,0.040319097,0.956946059
32.74491655,49,0.487,0.711,0.001901719,0.000341496,0.997756785,"L_ZDXG190731_023","Chorodna_ochreimacula","Geometridae","Rutaceae",0.487,0.000341496,0.001901719,0.997756785
41.20355236,173,0.193,0.733,0.028491151,0.887647213,0.083861636,"L_CMX20210731_001","Palirisa_sp.","Eupterotidae","Poaceae",0.193,0.887647213,0.028491151,0.083861636
62.06699881,210,0.216,0.748,0.001455291,0.911571883,0.086972826,"L_BJDLS190909_048","Ophthalmitis_albosignaria","Geometridae","Juglandaceae",0.216,0.911571883,0.001455291,0.086972826
48.62419532,142,0.238,0.775,0.147461344,0.058231498,0.794307157,"L_ZDXG190728_027","Datana_contracta","Notodontidae","Fagaceae",0.238,0.058231498,0.147461344,0.794307157
87.9814077,48,0.268,0.781,0.965702374,0.019933592,0.014364034,"L_SLX20210913_042","Narosoideus_flavidorsalis","Limacodidae","Rosaceae",0.268,0.019933592,0.965702374,0.014364034
75.79064804,94,0.269,0.798,0.155106492,0.31332444,0.531569068,"L_CMX20210804_030","Cabera_AH01Ch","Geometridae","Hamamelidaceae",0.269,0.31332444,0.155106492,0.531569068
98.77158035,62,0.377,0.799,0.773612208,0.198943052,0.02744474,"L_SLX20210914_041","Narosoideus_flavidorsalis","Limacodidae","Rhamnaceae",0.377,0.198943052,0.773612208,0.02744474
78.74956552,196,0.227,0.835,0.05853376,0.870048778,0.071417462,"L_SLX20210916_030","Illiberis_ulmivora","Zygaenidae","Ulmaceae",0.227,0.870048778,0.05853376,0.071417462
81.91287879,161,0.313,0.836,0.011346073,0.832196253,0.156457674,"L_MFS20210911_011","Parasa_sinica","Limacodidae","Rhamnaceae",0.313,0.832196253,0.011346073,0.156457674
60.72609257,44,0.269,0.847,0.981463226,0.010360323,0.008176452,"L_SLX20210913_027","Parasa_consocia","Limacodidae","Rosaceae",0.269,0.010360323,0.981463226,0.008176452
78.11240123,221,0.211,0.851,0.001792441,0.906696531,0.091511028,"L_SLX20210916_040","Parasa_consocia","Limacodidae","Rosaceae",0.211,0.906696531,0.001792441,0.091511028
98.58470182,149,0.214,0.852,0.014573718,0.891537702,0.09388858,"L_MFS20210911_019","Patania_balteata","Crambidae","Anacardiaceae",0.214,0.891537702,0.014573718,0.09388858
58.51792152,58,0.462,0.858,0.001676497,0.101098053,0.89722545,"L_BJDLS190908_087","Phalera_flavescens","Notodontidae","Rosaceae",0.462,0.101098053,0.001676497,0.89722545
80.49678013,16,0.425,0.865,0.756171051,0.044051398,0.19977755,"L_SLX20210915_036","Somena_scintillans","Erebidae","Rosaceae",0.425,0.044051398,0.756171051,0.19977755
100,17,0.425,0.866,0.810061497,0.003071379,0.186867124,"L_ZCGS190803_014","Kunugia_yamadai","Lasiocampidae","Altingiaceae",0.425,0.003071379,0.810061497,0.186867124
66.76136364,126,0.297,0.92,0.091892082,0.84772445,0.060383468,"L_SLX20210916_025","Parasa_sinica","Limacodidae","Ulmaceae",0.297,0.84772445,0.091892082,0.060383468
33.38278932,234,0.231,0.926,0.033704621,0.901949169,0.06434621,"L_CMX20210804_002","Clostera_anachoreta","Notodontidae","Salicaceae",0.231,0.901949169,0.033704621,0.06434621
43.33056018,165,0.291,0.928,0.079094532,0.748696095,0.172209374,"L_MFS20210911_006","Phalera_flavescens","Notodontidae","Rosaceae",0.291,0.748696095,0.079094532,0.172209374
32.43046907,142,0.278,0.937,0.226673642,0.069118228,0.70420813,"L_ZCGS190803_029","Thyatira_batis","Drepanidae","Rosaceae",0.278,0.069118228,0.226673642,0.70420813
64.60843373,181,0.275,0.937,0.297722198,0.012787874,0.689489928,"L_ZCGS190805_004","Pleuroptya_harutai","Crambidae","Moraceae",0.275,0.012787874,0.297722198,0.689489928
48.5302274,146,0.277,0.942,0.215221741,0.003127709,0.78165055,"L_ZDXG190728_010","Pangrapta_bicornuta","Erebidae","Rosaceae",0.277,0.003127709,0.215221741,0.78165055
81.81673052,199,0.273,0.945,0.030741687,0.041743692,0.927514621,"L_ZDXG190801_014","Lophomilia_polybapta","Erebidae","Rosaceae",0.273,0.041743692,0.030741687,0.927514621
100,111,0.42,0.957,0.001571745,0.749477993,0.248950262,"L_CMX20210731_012","Euphyia_intermediata","Geometridae","Hamamelidaceae",0.42,0.749477993,0.001571745,0.248950262
39.72689812,69,0.562,0.959,0.019149358,0.002465499,0.978385143,"L_ZDXG190801_020","Quasinarosa_fulgens","Limacodidae","Poaceae",0.562,0.002465499,0.019149358,0.978385143
26.84970274,175,0.281,0.967,0.382305577,0.006405438,0.611288984,"L_ZDXG190728_021","Euproctis_striata","Erebidae","Rosaceae",0.281,0.006405438,0.382305577,0.611288984
87.41335761,38,0.5,0.975,0.650422652,0.019911813,0.329665535,"L_ZCGS190803_009","Kunugia_yamadai","Lasiocampidae","Fagaceae",0.5,0.019911813,0.650422652,0.329665535
96.30864765,46,0.508,0.977,0.1875706,0.141264131,0.671165269,"L_SLX20210915_026","Somena_scintillans","Erebidae","Ulmaceae",0.508,0.141264131,0.1875706,0.671165269
39.44565043,144,0.276,0.983,0.011074693,0.598893635,0.390031673,"L_MFS20210911_001","Setora_postornata","Limacodidae","Rhamnaceae",0.276,0.598893635,0.011074693,0.390031673
78.74956552,82,0.536,0.985,0.507335596,0.463357386,0.029307018,"L_SLX20210916_031","Illiberis_ulmivora","Zygaenidae","Ulmaceae",0.536,0.463357386,0.507335596,0.029307018
47.18625498,107,0.473,1.01,0.926906369,0.014589894,0.058503737,"L_BJDLS190908_040","Narosoideus_flavidorsalis","Limacodidae","Ulmaceae",0.473,0.014589894,0.926906369,0.058503737
71.87212511,128,0.329,1.01,0.093363229,0.830058031,0.07657874,"L_SLX20210916_032","Somena_scintillans","Erebidae","Rosaceae",0.329,0.830058031,0.093363229,0.07657874
33.8065518,170,0.303,1.02,0.376520834,0.010137515,0.61334165,"L_ZDXG190728_013","Jankowskia_athleta","Geometridae","Rosaceae",0.303,0.010137515,0.376520834,0.61334165
85.80987139,46,0.532,1.03,0.398139625,0.575847573,0.026012802,"L_SLX20210916_038","Illiberis_ulmivora","Zygaenidae","Ulmaceae",0.532,0.575847573,0.398139625,0.026012802
40.16742928,146,0.312,1.03,0.325686442,0.004634219,0.669679338,"L_ZDXG190728_003","Pangrapta_bicornuta","Erebidae","Rosaceae",0.312,0.004634219,0.325686442,0.669679338
85.46877275,47,0.362,1.04,0.906827914,0.073895573,0.019276513,"L_SLX20210914_002","Dudusa_sphingiformis","Notodontidae","Sapindaceae",0.362,0.073895573,0.906827914,0.019276513
20.74171349,136,0.322,1.04,0.404850738,0.003572078,0.591577184,"L_ZDXG190728_020","Euproctis_striata","Erebidae","Rosaceae",0.322,0.003572078,0.404850738,0.591577184
63.0810093,185,0.304,1.06,0.068699178,0.841065682,0.090235139,"L_SLX20210913_005","Narosoideus_flavidorsalis","Limacodidae","Rhamnaceae",0.304,0.841065682,0.068699178,0.090235139
46.10583685,201,0.307,1.06,0.390733719,0.010745321,0.59852096,"L_ZDXG190728_014","Pangrapta_disruptalis","Erebidae","Rosaceae",0.307,0.010745321,0.390733719,0.59852096
62.43386243,7,0.627,1.06,6.56e-06,0.029870248,0.970123194,"L_ZDXG190731_001","Eligma_narcissus","Nolidae","Simaroubaceae",0.627,0.029870248,6.56e-06,0.970123194
49.91680532,142,0.301,1.06,0.007690244,0.78881177,0.203497986,"L_ZDXG190731_025","Pangrapta_bicornuta","Erebidae","Rosaceae",0.301,0.78881177,0.007690244,0.203497986
57.28412928,73,0.525,1.07,0.359532058,0.604273599,0.036194343,"L_MFS20210911_014","Setora_postornata","Limacodidae","Rosaceae",0.525,0.604273599,0.359532058,0.036194343
67.2310757,133,0.318,1.08,0.072784863,0.843728849,0.083486288,"L_SLX20210913_017","Narosoideus_flavidorsalis","Limacodidae","Rutaceae",0.318,0.843728849,0.072784863,0.083486288
33.58118414,151,0.313,1.08,0.23263234,0.003961242,0.763406418,"L_ZDXG190728_004","Pangrapta_bicornuta","Erebidae","Rosaceae",0.313,0.003961242,0.23263234,0.763406418
62.07606589,105,0.395,1.09,0.161796758,0.763620616,0.074582626,"L_SLX20210914_029","Acronicta_strigosa","Noctuidae","Rosaceae",0.395,0.763620616,0.161796758,0.074582626
71.12641614,234,0.307,1.09,0.276365069,0.012649168,0.710985763,"L_ZCGS190803_003","Choristoneura_diversana","Tortricidae","Altingiaceae",0.307,0.012649168,0.276365069,0.710985763
77.12151472,19,0.534,1.09,0.715630219,0.005511502,0.278858278,"L_ZCGS190803_005","Kunugia_yamadai","Lasiocampidae","Altingiaceae",0.534,0.005511502,0.715630219,0.278858278
39.86595227,188,0.315,1.09,0.118124823,0.056336742,0.825538435,"L_ZDXG190728_036","Datana_contracta","Notodontidae","Fagaceae",0.315,0.056336742,0.118124823,0.825538435
11.4040558,204,0.317,1.11,0.293338514,0.013393811,0.693267674,"L_ZCGS190803_002_03","Locastra_muscosalis","Pyralidae","Altingiaceae",0.317,0.013393811,0.293338514,0.693267674
62.17443206,96,0.518,1.12,0.661100238,0.19894952,0.139950241,"L_CMX20210731_002","Xerodes_AH01Ch","Geometridae","Elaeagnaceae",0.518,0.19894952,0.661100238,0.139950241
91.58969011,80,0.435,1.12,0.097712573,0.004567446,0.897719981,"L_ZDXG190727_018","Lebeda_nobilis","Lasiocampidae","Theaceae",0.435,0.004567446,0.097712573,0.897719981
95.35035265,84,0.435,1.13,0.035775315,0.750431874,0.213792811,"L_SLX20210914_036","Somena_scintillans","Erebidae","Polygonaceae",0.435,0.750431874,0.035775315,0.213792811
100,195,0.434,1.14,0.75324664,0.201587906,0.045165454,"L_SLX20210914_027","Acronicta_strigosa","Noctuidae","Rosaceae",0.434,0.201587906,0.75324664,0.045165454
13.07857539,117,0.338,1.14,0.317999904,0.015734053,0.666266043,"L_ZCGS190803_002_02","Locastra_muscosalis","Pyralidae","Altingiaceae",0.338,0.015734053,0.317999904,0.666266043
54.0719697,239,0.327,1.15,0.066747025,0.021725822,0.911527153,"L_BJDLS190908_051","Parasa_sinica","Limacodidae","Oleaceae",0.327,0.021725822,0.066747025,0.911527153
49.13522013,46,0.365,1.16,0.818211578,0.043164641,0.138623781,"L_SLX20210913_009","Parasa_consocia","Limacodidae","Rhamnaceae",0.365,0.043164641,0.818211578,0.138623781
92.95461515,69,0.588,1.16,0.804288274,0.127571401,0.068140326,"L_SLX20210915_034","Somena_scintillans","Erebidae","Leguminosae",0.588,0.127571401,0.804288274,0.068140326
43.33056018,198,0.339,1.16,0.22045123,0.004130088,0.775418683,"L_ZDXG190728_009","Pangrapta_bicornuta","Erebidae","Rosaceae",0.339,0.004130088,0.22045123,0.775418683
77.96523517,183,0.342,1.18,0.032339224,0.062958607,0.904702169,"L_ZCGS190803_022","Asaphistis_protosema","Tortricidae","Moraceae",0.342,0.062958607,0.032339224,0.904702169
54.06118143,235,0.329,1.18,0.006583768,0.839932348,0.153483883,"L_ZDXG190731_028","Pangrapta_disruptalis","Erebidae","Rosaceae",0.329,0.839932348,0.006583768,0.153483883
59.46621513,46,0.523,1.23,0.843415136,0.003282073,0.153302791,"L_SLX20210915_044","Parasa_consocia","Limacodidae","Rosaceae",0.523,0.003282073,0.843415136,0.153302791
100,82,0.557,1.24,0.581732055,0.364569696,0.053698248,"L_SLX20210915_046","Acronicta_rumicis","Noctuidae","Ulmaceae",0.557,0.364569696,0.581732055,0.053698248
76.88899984,49,0.571,1.24,0.59415867,0.030219831,0.375621498,"L_ZCGS190803_031","Kunugia_yamadai","Lasiocampidae","Altingiaceae",0.571,0.030219831,0.59415867,0.375621498
100,145,0.38,1.25,0.049046739,0.829692588,0.121260672,"L_BJDLS190909_040","Sphragifera_sigillata","Noctuidae","Juglandaceae",0.38,0.829692588,0.049046739,0.121260672
100,35,0.591,1.26,0.544001667,0.005976336,0.450021997,"L_ZCGS190803_001","Lebeda_nobilis","Lasiocampidae","Altingiaceae",0.591,0.005976336,0.544001667,0.450021997
34.18781198,198,0.354,1.26,0.280711607,0.009521186,0.709767206,"L_ZDXG190728_002","Pangrapta_bicornuta","Erebidae","Rosaceae",0.354,0.009521186,0.280711607,0.709767206
79.98685621,107,0.373,1.28,0.144387584,0.806150729,0.049461688,"L_CMX20210731_010","Euphyia_intermediata","Geometridae","Hamamelidaceae",0.373,0.806150729,0.144387584,0.049461688
33.81728934,223,0.364,1.29,0.073072797,0.018508567,0.908418636,"L_ZCGS190803_019","Pangrapta_trimantesalis","Erebidae","Moraceae",0.364,0.018508567,0.073072797,0.908418636
55.33312535,163,0.369,1.29,0.006154032,0.765452291,0.228393678,"L_ZDXG190801_019","Pangrapta_bicornuta","Erebidae","Rosaceae",0.369,0.765452291,0.006154032,0.228393678
76.58220319,134,0.434,1.3,0.167846708,0.744948815,0.087204477,"L_CMX20210730_023","Alcis_AH03Ch","Geometridae","Elaeagnaceae",0.434,0.744948815,0.167846708,0.087204477
34.42920769,58,0.42,1.3,0.429868975,0.002162443,0.567968582,"L_ZDXG190728_019","Jankowskia_athleta","Geometridae","Rosaceae",0.42,0.002162443,0.429868975,0.567968582
42.70686826,301,0.364,1.31,0.246944089,0.015446853,0.737609058,"L_ZDXG190727_011","Jankowskia_athleta","Geometridae","Rosaceae",0.364,0.015446853,0.246944089,0.737609058
13.88696415,161,0.373,1.32,0.245691397,0.019744667,0.734563936,"L_ZCGS190803_002_01","Locastra_muscosalis","Pyralidae","Altingiaceae",0.373,0.019744667,0.245691397,0.734563936
41.22256678,184,0.375,1.32,0.052427883,0.043458835,0.904113281,"L_ZDXG190727_003","Argynnis_hyperbius","Nymphalidae","Lauraceae",0.375,0.043458835,0.052427883,0.904113281
50.69675541,161,0.582,1.34,0.357085028,0.418607187,0.224307785,"L_MFS20210911_008","Phalera_flavescens","Notodontidae","Rosaceae",0.582,0.418607187,0.357085028,0.224307785
74.61443716,314,0.366,1.34,0.25628156,0.01831175,0.72540669,"L_ZDXG190727_012","Hypomecis_punctinalis","Geometridae","Rosaceae",0.366,0.01831175,0.25628156,0.72540669
85.73952242,128,0.387,1.34,0.335539769,0.006564212,0.657896019,"L_ZDXG190730_045","Hyperaeschrella_nigribasis","Notodontidae","Sapindaceae",0.387,0.006564212,0.335539769,0.657896019
74.05525444,271,0.367,1.35,0.63089688,0.0336893,0.335413821,"L_ZDXG190731_013","Pantana_ampla","Erebidae","Poaceae",0.367,0.0336893,0.63089688,0.335413821
33.49788434,178,0.51,1.35,0.327355049,0.010365834,0.662279117,"L_ZDXG190731_024","Chorodna_ochreimacula","Geometridae","Ebenaceae",0.51,0.010365834,0.327355049,0.662279117
65.81439394,203,0.544,1.37,0.337704185,0.637065564,0.02523025,"L_SLX20210915_006","Parasa_sinica","Limacodidae","Juglandaceae",0.544,0.637065564,0.337704185,0.02523025
61.07954545,138,0.501,1.37,0.172216441,0.673834052,0.153949508,"L_SLX20210916_026","Parasa_sinica","Limacodidae","Ulmaceae",0.501,0.673834052,0.172216441,0.153949508
22.32770745,168,0.446,1.39,0.005630517,0.772773223,0.22159626,"L_ZDXG190801_017","Pangrapta_disruptalis","Erebidae","Rosaceae",0.446,0.772773223,0.005630517,0.22159626
82.24179464,18,0.647,1.41,0.183616725,2.12e-05,0.81636205,"L_BJDLS190908_058","Lemyra_flavalis","Erebidae","Juglandaceae",0.647,2.12e-05,0.183616725,0.81636205
66.71559771,106,0.528,1.44,0.547293828,0.058283477,0.394422695,"L_ZDXG190731_016","Pantana_ampla","Erebidae","Poaceae",0.528,0.058283477,0.547293828,0.394422695
100,11,0.676,1.46,0.000164265,0.034892985,0.96494275,"L_SLX20210915_035","Somena_scintillans","Erebidae","Rosaceae",0.676,0.034892985,0.000164265,0.96494275
35.2443609,243,0.389,1.47,0.137081653,0.653186118,0.209732229,"L_CMX20210804_014","Palirisa_sp.","Eupterotidae","Salicaceae",0.389,0.653186118,0.137081653,0.209732229
40.55007052,145,0.55,1.47,0.394932487,0.033160681,0.571906832,"L_ZDXG190727_004","Chorodna_ochreimacula","Geometridae","Cannabaceae",0.55,0.033160681,0.394932487,0.571906832
61.72839506,232,0.403,1.48,0.647789753,0.036924377,0.31528587,"L_ZDXG190731_012","Pantana_ampla","Erebidae","Poaceae",0.403,0.036924377,0.647789753,0.31528587
72.40923189,60,0.658,1.5,0.435295354,0.4905795,0.074125146,"L_SLX20210914_040","Marumba_gaschkewitschii","Sphingidae","Rhamnaceae",0.658,0.4905795,0.435295354,0.074125146
44.81948566,157,0.486,1.53,0.195602375,0.741557052,0.062840572,"L_CMX20210804_003","Clostera_anachoreta","Notodontidae","Salicaceae",0.486,0.741557052,0.195602375,0.062840572
100,296,0.599,1.53,0.519420065,0.382304155,0.09827578,"L_CMX20210804_005","Melanthia_AH01Ch","Geometridae","Elaeagnaceae",0.599,0.382304155,0.519420065,0.09827578
43.21808511,137,0.516,1.53,0.16347507,0.509430016,0.327094913,"L_SLX20210914_013","Acronicta_hercules","Noctuidae","Moraceae",0.516,0.509430016,0.16347507,0.327094913
57.70238671,92,0.551,1.54,0.913457108,0.027727818,0.058815073,"L_SLX20210913_007","Parasa_consocia","Limacodidae","Rhamnaceae",0.551,0.027727818,0.913457108,0.058815073
57.55208333,119,0.636,1.55,0.726400215,0.01789217,0.255707615,"L_BJDLS190908_038","Calliteara_pudibunda","Erebidae","Ulmaceae",0.636,0.01789217,0.726400215,0.255707615
50.95841213,170,0.552,1.55,0.604859806,0.047584146,0.347556048,"L_ZDXG190731_019","Capis_curvata","Noctuidae","Poaceae",0.552,0.047584146,0.604859806,0.347556048
67.23484848,83,0.61,1.56,0.368515612,0.595722043,0.035762345,"L_SLX20210915_005","Parasa_sinica","Limacodidae","Juglandaceae",0.61,0.595722043,0.368515612,0.035762345
46.67408506,176,0.629,1.62,0.391839842,0.571710134,0.036450024,"L_CMX20210804_001","Clostera_anachoreta","Notodontidae","Salicaceae",0.629,0.571710134,0.391839842,0.036450024
99.73430671,32,0.59,1.62,0.031464558,0.397593484,0.570941957,"L_ZDXG190726_003","Lebeda_nobilis","Lasiocampidae","Paulowniaceae",0.59,0.397593484,0.031464558,0.570941957
100,155,0.518,1.64,0.164996,0.020408456,0.814595545,"L_BJDLS190925_013","Helicoverpa_armigera","Noctuidae","Convolvulaceae",0.518,0.020408456,0.164996,0.814595545
100,105,0.574,1.66,0.796021158,0.013181291,0.190797552,"L_SLX20210913_030","Somena_scintillans","Erebidae","Rosaceae",0.574,0.013181291,0.796021158,0.190797552
29.16372826,113,0.658,1.66,0.489880138,0.004459127,0.505660736,"L_ZDXG190728_017","Chorodna_ochreimacula","Geometridae","Rosaceae",0.658,0.004459127,0.489880138,0.505660736
96.48143797,195,0.64,1.67,0.026647935,0.039867547,0.933484518,"L_ZDXG190728_022","Kunugia_yamadai","Lasiocampidae","Fagaceae",0.64,0.039867547,0.026647935,0.933484518
59.84575321,174,0.495,1.68,0.09277219,0.045860764,0.861367045,"L_BJDLS190908_011","Phalera_alpherakyi","Notodontidae","Ulmaceae",0.495,0.045860764,0.09277219,0.861367045
55.01495201,244,0.482,1.69,0.07050614,0.730379872,0.199113988,"L_CMX20210803_010","Xerodes_AH01Ch","Geometridae","Elaeagnaceae",0.482,0.730379872,0.07050614,0.199113988
57.70238671,57,0.643,1.69,0.793466777,0.011128913,0.19540431,"L_SLX20210915_043","Parasa_consocia","Limacodidae","Rosaceae",0.643,0.011128913,0.793466777,0.19540431
75.3225838,60,0.655,1.7,0.438706125,0.014548644,0.54674523,"L_ZCGS190803_015","Kunugia_yamadai","Lasiocampidae","Altingiaceae",0.655,0.014548644,0.438706125,0.54674523
72.53323108,297,0.623,1.7,0.699424016,0.019052411,0.281523573,"L_ZCGS190803_024","Asaphistis_protosema","Tortricidae","Moraceae",0.623,0.019052411,0.699424016,0.281523573
29.56775976,51,0.701,1.7,0.513472521,0.00469538,0.481832099,"L_ZDXG190728_018","Chorodna_ochreimacula","Geometridae","Rosaceae",0.701,0.00469538,0.513472521,0.481832099
55.19588313,312,0.503,1.71,0.012790195,0.67887941,0.308330395,"L_SLX20210913_043","Narosoideus_flavidorsalis","Limacodidae","Rosaceae",0.503,0.67887941,0.012790195,0.308330395
100,39,0.677,1.71,0.637363344,0.033781607,0.328855049,"L_ZDXG190726_007","Maxates_sinuolata","Geometridae","Juglandaceae",0.677,0.033781607,0.637363344,0.328855049
96.5534901,139,0.666,1.72,0.433183704,0.504693947,0.062122349,"L_SLX20210916_009","Fentonia_ocypete","Notodontidae","Fagaceae",0.666,0.504693947,0.433183704,0.062122349
53.35794655,190,0.517,1.72,0.165955091,0.047923709,0.7861212,"L_ZDXG190730_039","Pangrapta_disruptalis","Erebidae","Rosaceae",0.517,0.047923709,0.165955091,0.7861212
73.18557737,316,0.526,1.72,0.32654626,0.022042944,0.651410795,"L_ZDXG190730_042","Lacinipolia_comis","Noctuidae","Poaceae",0.526,0.022042944,0.32654626,0.651410795
99.18353266,61,0.685,1.74,0.175192035,0.246243089,0.578564876,"L_SLX20210915_027","Somena_scintillans","Erebidae","Ulmaceae",0.685,0.246243089,0.175192035,0.578564876
100,91,0.678,1.75,0.028802748,0.030040192,0.94115706,"L_ZDXG190730_020","Datana_contracta","Notodontidae","Fagaceae",0.678,0.030040192,0.028802748,0.94115706
100,132,0.759,1.75,0.677190216,0.04986699,0.272942794,"L_ZDXG190731_017","Eumorphobotys_eumorphalis","Crambidae","Poaceae",0.759,0.04986699,0.677190216,0.272942794
61.27813616,424,0.473,1.75,0.212988818,0.035876144,0.751135038,"L_ZDXG190731_022","Ourapteryx_pluristrigata","Geometridae","Rutaceae",0.473,0.035876144,0.212988818,0.751135038
43.84373488,601,0.483,1.76,0.033237088,0.179558468,0.787204444,"L_SLX20210913_002","Parasa_consocia","Limacodidae","Fagaceae",0.483,0.179558468,0.033237088,0.787204444
87.98758865,78,0.629,1.77,0.373756977,0.041537013,0.58470601,"L_SLX20210914_012","Acronicta_hercules","Noctuidae","Moraceae",0.629,0.041537013,0.373756977,0.58470601
100,148,0.48,1.78,0.306688784,0.016066958,0.677244258,"L_ZDXG190727_016","Lebeda_nobilis","Lasiocampidae","Theaceae",0.48,0.016066958,0.306688784,0.677244258
50.30678037,252,0.491,1.78,0.154748579,0.05037958,0.794871841,"L_ZDXG190730_043","Pangrapta_bicornuta","Erebidae","Poaceae",0.491,0.05037958,0.154748579,0.794871841
96.50060465,363,0.622,1.79,0.013816914,0.7629502,0.223232886,"L_CMX20210729_013","Pieris_rapae","Pieridae","Cruciferae",0.622,0.7629502,0.013816914,0.223232886
35.22986644,163,0.71,1.79,0.12107729,0.535004852,0.343917858,"L_ZDXG190801_016","Euproctis_piperita","Erebidae","Rosaceae",0.71,0.535004852,0.12107729,0.343917858
62.23794549,267,0.522,1.8,0.833191009,0.051128805,0.115680186,"L_SLX20210915_009","Parasa_consocia","Limacodidae","Salicaceae",0.522,0.051128805,0.833191009,0.115680186
61.46613953,373,0.625,1.82,0.01856355,0.573058857,0.408377592,"L_MFS20210911_030","Nerice_davidi","Notodontidae","Ulmaceae",0.625,0.573058857,0.01856355,0.408377592
24.13250013,196,0.718,1.83,0.610942952,0.010983842,0.378073206,"L_ZDXG190728_015","Eterusia_aedea","Zygaenidae","Rosaceae",0.718,0.010983842,0.610942952,0.378073206
65.64908428,149,0.565,1.84,0.03047625,0.703312559,0.26621119,"L_BJDLS190909_034","Heliocheilus_fervens","Noctuidae","Juglandaceae",0.565,0.703312559,0.03047625,0.26621119
100,128,0.726,1.84,0.120503827,0.013586189,0.865909984,"L_ZDXG190730_006","Datana_contracta","Notodontidae","Oleaceae",0.726,0.013586189,0.120503827,0.865909984
60.1732002,99,0.746,1.85,0.676588062,0.00613171,0.317280228,"L_BJDLS190908_013","Phalera_alpherakyi","Notodontidae","Ulmaceae",0.746,0.00613171,0.676588062,0.317280228
75.56876278,173,0.649,1.86,0.347497882,0.032478028,0.62002409,"L_ZCGS190805_012","Asaphistis_protosema","Tortricidae","Moraceae",0.649,0.032478028,0.347497882,0.62002409
100,217,0.682,1.87,0.503563756,0.23094405,0.265492194,"L_CMX20210804_006","Melanthia_AH01Ch","Geometridae","Rosaceae",0.682,0.23094405,0.503563756,0.265492194
85.81606218,94,0.756,1.89,0.52465338,0.017468586,0.457878035,"L_ZDXG190730_018","Datana_contracta","Notodontidae","Fagaceae",0.756,0.017468586,0.52465338,0.457878035
100,18,0.815,1.9,0.599768013,3.71e-05,0.400194887,"L_ZCGS190803_008","Lebeda_nobilis","Lasiocampidae","Altingiaceae",0.815,3.71e-05,0.599768013,0.400194887
55.68966871,150,0.717,1.9,0.454024483,0.012006842,0.533968675,"L_ZDXG190730_019","Datana_contracta","Notodontidae","Fagaceae",0.717,0.012006842,0.454024483,0.533968675
100,213,0.713,1.91,0.248967934,0.10349106,0.647541006,"L_SLX20210914_042","Somena_scintillans","Erebidae","Rhamnaceae",0.713,0.10349106,0.248967934,0.647541006
100,256,0.615,1.93,0.180627965,0.018633632,0.800738403,"L_BJDLS190908_054","Lemyra_flavalis","Erebidae","Juglandaceae",0.615,0.018633632,0.180627965,0.800738403
64.70975802,166,0.722,1.97,0.02014083,0.289241375,0.690617795,"L_MFS20210911_025","Phalera_takasagoensis","Notodontidae","Ulmaceae",0.722,0.289241375,0.02014083,0.690617795
82.70187187,32,0.718,1.97,0.230935756,0.037168234,0.731896011,"L_ZCGS190803_026","Kunugia_yamadai","Lasiocampidae","Fagaceae",0.718,0.037168234,0.230935756,0.731896011
77.66203704,92,0.792,1.98,0.084217467,0.006305122,0.909477411,"L_BJDLS190908_039","Calliteara_pudibunda","Erebidae","Ulmaceae",0.792,0.006305122,0.084217467,0.909477411
100,248,0.735,2,0.335718406,0.014920398,0.649361196,"L_ZDXG190730_012","Datana_contracta","Notodontidae","Fagaceae",0.735,0.014920398,0.335718406,0.649361196
54.78087649,120,0.779,2.01,0.487568832,0.110733408,0.40169776,"L_BJDLS190908_041","Narosoideus_flavidorsalis","Limacodidae","Ulmaceae",0.779,0.110733408,0.487568832,0.40169776
75.84886028,146,0.664,2.01,0.088419832,0.32824919,0.583330978,"L_BJDLS190908_042","Melanchra_persicariae","Noctuidae","Ulmaceae",0.664,0.32824919,0.088419832,0.583330978
28.09333115,462,0.461,2.01,0.056271925,0.631919469,0.311808607,"L_CMX20210804_013","Palirisa_sp.","Eupterotidae","Salicaceae",0.461,0.631919469,0.056271925,0.311808607
70.85755814,123,0.777,2.02,0.617783006,0.231282534,0.15093446,"L_SLX20210913_029","Acronicta_strigosa","Noctuidae","Rosaceae",0.777,0.231282534,0.617783006,0.15093446
85.4498672,85,0.713,2.02,0.738464081,0.129935672,0.131600247,"L_SLX20210915_037","Narosoideus_flavidorsalis","Limacodidae","Rosaceae",0.713,0.129935672,0.738464081,0.131600247
100,244,0.626,2.03,0.027148784,0.617372554,0.355478662,"L_MFS20210911_020","Patania_balteata","Crambidae","Anacardiaceae",0.626,0.617372554,0.027148784,0.355478662
78.28021076,331,0.625,2.05,0.104957459,0.635746983,0.259295559,"L_CMX20210729_010","Pieris_rapae","Pieridae","Cruciferae",0.625,0.635746983,0.104957459,0.259295559
51.54360967,163,0.794,2.07,0.322823001,0.017041691,0.660135308,"L_ZDXG190730_013","Datana_contracta","Notodontidae","Fagaceae",0.794,0.017041691,0.322823001,0.660135308
58.28911401,123,0.744,2.08,0.454868349,0.194134374,0.350997278,"L_MFS20210911_002","Setora_postornata","Limacodidae","Rhamnaceae",0.744,0.194134374,0.454868349,0.350997278
69.3061089,64,0.683,2.08,0.952960479,0.023316977,0.023722544,"L_SLX20210914_034","Narosoideus_flavidorsalis","Limacodidae","Leguminosae",0.683,0.023316977,0.952960479,0.023722544
84.84848485,375,0.639,2.1,0.381511138,0.577269608,0.041219254,"L_CMX20210804_032","Chytolita_morbidalis","Erebidae","Elaeagnaceae",0.639,0.577269608,0.381511138,0.041219254
98.52784245,193,0.688,2.14,0.464063363,0.152818146,0.383118491,"L_CMX20210804_028","Cabera_AH01Ch","Geometridae","Hamamelidaceae",0.688,0.152818146,0.464063363,0.383118491
92.1314741,81,0.73,2.14,0.851779355,0.064819212,0.083401433,"L_SLX20210913_031","Narosoideus_flavidorsalis","Limacodidae","Rosaceae",0.73,0.064819212,0.851779355,0.083401433
81.15310078,146,0.766,2.17,0.628416605,0.299543632,0.072039763,"L_SLX20210914_011","Acronicta_strigosa","Noctuidae","Rosaceae",0.766,0.299543632,0.628416605,0.072039763
84.46969697,438,0.6,2.25,0.288650566,0.462875058,0.248474376,"L_CMX20210804_021","Chytolita_morbidalis","Erebidae","Coriariaceae",0.6,0.462875058,0.288650566,0.248474376
84.88629185,345,0.557,2.26,0.050873204,0.739678577,0.20944822,"L_CMX20210729_007","Xestia_c-nigrum","Noctuidae","Cruciferae",0.557,0.739678577,0.050873204,0.20944822
25.17850846,278,0.753,2.31,0.247794499,0.040296202,0.711909299,"L_ZDXG190727_005","Chorodna_ochreimacula","Geometridae","Cannabaceae",0.753,0.040296202,0.247794499,0.711909299
100,226,0.819,2.31,0.13024948,0.114765283,0.754985237,"L_ZDXG190730_010","Lebeda_nobilis","Lasiocampidae","Fagaceae",0.819,0.114765283,0.13024948,0.754985237
79.94186047,133,0.824,2.39,0.801648494,0.060684043,0.137667463,"L_SLX20210913_032","Acronicta_strigosa","Noctuidae","Rosaceae",0.824,0.060684043,0.801648494,0.137667463
94.94189511,89,0.736,2.41,0.288465698,0.028532979,0.683001323,"L_ZDXG190727_017","Lebeda_nobilis","Lasiocampidae","Theaceae",0.736,0.028532979,0.288465698,0.683001323
96.20763239,255,0.779,2.42,0.458072126,0.012395006,0.529532869,"L_BJDLS190925_011","Heliocheilus_fervens","Noctuidae","Juglandaceae",0.779,0.012395006,0.458072126,0.529532869
57.83486708,237,0.789,2.49,0.470102636,0.022936251,0.506961113,"L_ZCGS190805_009","Asaphistis_protosema","Tortricidae","Moraceae",0.789,0.022936251,0.470102636,0.506961113
99.03400716,525,0.777,2.5,0.140941242,0.338575914,0.520482844,"L_CMX20210729_004","Xestia_c-nigrum","Noctuidae","Cruciferae",0.777,0.338575914,0.140941242,0.520482844
100,228,0.771,2.57,0.26775059,0.44077315,0.29147626,"L_CMX20210803_019","Trabala_pallida","Lasiocampidae","Coriariaceae",0.771,0.44077315,0.26775059,0.29147626
100,66,0.785,2.59,0.751734417,0.018210216,0.230055367,"L_ZDXG190726_002","Lebeda_nobilis","Lasiocampidae","Juglandaceae",0.785,0.018210216,0.751734417,0.230055367
82.58317541,354,0.693,2.61,0.146895489,0.136930128,0.716174382,"L_CMX20210729_015","Xestia_c-nigrum","Noctuidae","Cruciferae",0.693,0.136930128,0.146895489,0.716174382
79.95104232,364,0.856,2.63,0.280315293,0.141047799,0.578636908,"L_CMX20210729_005","Xestia_c-nigrum","Noctuidae","Cruciferae",0.856,0.141047799,0.280315293,0.578636908
73.33205521,349,0.789,2.65,0.47607167,0.024688895,0.499239434,"L_ZCGS190805_013","Asaphistis_protosema","Tortricidae","Moraceae",0.789,0.024688895,0.47607167,0.499239434
86.06721883,223,0.754,2.71,0.425042708,0.053459689,0.521497603,"L_ZDXG190728_023","Kunugia_yamadai","Lasiocampidae","Fagaceae",0.754,0.053459689,0.425042708,0.521497603
26.4273331,301,0.861,2.72,0.313347872,0.065721315,0.620930812,"L_ZDXG190731_021","Chorodna_ochreimacula","Geometridae","Rutaceae",0.861,0.065721315,0.313347872,0.620930812
100,413,0.834,2.75,0.491303598,0.025847134,0.482849268,"L_ZCGS190803_021","Ourapteryx_pluristrigata","Geometridae","Celastraceae",0.834,0.025847134,0.491303598,0.482849268
76.00532946,160,0.857,2.8,0.836473765,0.086022183,0.077504052,"L_SLX20210914_009","Acronicta_strigosa","Noctuidae","Rosaceae",0.857,0.086022183,0.836473765,0.077504052
81.41506067,157,0.896,2.81,0.175603102,0.15063188,0.673765018,"L_CMX20210803_003","Alcis_AH03Ch","Geometridae","Rosaceae",0.896,0.15063188,0.175603102,0.673765018
74.69005624,176,0.889,2.83,0.398025793,0.011696182,0.590278025,"L_ZCGS190805_025","Asaphistis_protosema","Tortricidae","Moraceae",0.889,0.011696182,0.398025793,0.590278025
83.14855876,133,0.843,2.92,0.529142479,0.395130104,0.075727417,"L_SLX20210913_011","Locastra_muscosalis","Pyralidae","Juglandaceae",0.843,0.395130104,0.529142479,0.075727417
100,112,0.872,2.95,0.586395957,0.028585058,0.385018985,"L_ZDXG190726_005","Lebeda_nobilis","Lasiocampidae","Juglandaceae",0.872,0.028585058,0.586395957,0.385018985
48.75925599,250,0.871,2.98,0.334427726,0.0034573,0.662114973,"L_ZDXG190730_046","Chorodna_ochreimacula","Geometridae","Sapindaceae",0.871,0.0034573,0.334427726,0.662114973
50.46480744,688,0.879,3.02,0.301475489,0.126679619,0.571844892,"L_BJDLS190908_034","Narosoideus_flavidorsalis","Limacodidae","Ulmaceae",0.879,0.126679619,0.301475489,0.571844892
55.39198192,501,0.672,3.1,0.013442577,0.653570734,0.332986689,"L_CMX20210802_013","Alcis_AH03Ch","Geometridae","Hamamelidaceae",0.672,0.653570734,0.013442577,0.332986689
100,304,0.818,3.11,0.474553379,0.265118219,0.260328402,"L_SLX20210916_023","Acronicta_major","Noctuidae","Ulmaceae",0.818,0.265118219,0.474553379,0.260328402
96.55591975,97,0.9051,3.18,0.518066967,0.097953371,0.383979662,"L_ZDXG190728_025","Lebeda_nobilis","Lasiocampidae","Fagaceae",0.9051,0.097953371,0.518066967,0.383979662
99.3582195,108,0.9232,3.21,0.162801231,0.224035449,0.61316332,"L_ZDXG190728_026","Datana_contracta","Notodontidae","Fagaceae",0.9232,0.224035449,0.162801231,0.61316332
78.79806939,71,0.9114,3.26,0.264510775,0.261345686,0.47414354,"L_ZCGS190803_025","Kunugia_yamadai","Lasiocampidae","Fagaceae",0.9114,0.261345686,0.264510775,0.47414354
100,292,0.888,3.27,0.739782742,0.105997035,0.154220222,"L_CMX20210803_018","Garaeus_AH01Ch","Geometridae","Coriariaceae",0.888,0.105997035,0.739782742,0.154220222
63.08422832,252,0.9083,3.29,0.821751466,0.079462415,0.098786118,"L_SLX20210914_005","Acronicta_major","Noctuidae","Sapindaceae",0.9083,0.079462415,0.821751466,0.098786118
89.75213508,95,0.9277,3.3,0.277521767,0.306155949,0.416322284,"L_MFS20210911_017","Acronicta_rumicis","Noctuidae","Ulmaceae",0.9277,0.306155949,0.277521767,0.416322284
70.55112882,206,0.9359,3.4,0.025073167,0.175236726,0.799690108,"L_SLX20210916_028","Narosoideus_flavidorsalis","Limacodidae","Fagaceae",0.9359,0.175236726,0.025073167,0.799690108
21.70138889,460,0.817,3.5,0.228307182,0.471690594,0.300002224,"L_SLX20210913_016","Papilio_xuthus","Papilionidae","Rutaceae",0.817,0.471690594,0.228307182,0.300002224
100,222,0.9097,3.52,0.581112615,0.028752876,0.390134509,"L_ZDXG190726_004","Lebeda_nobilis","Lasiocampidae","Juglandaceae",0.9097,0.028752876,0.581112615,0.390134509
100,362,0.9515,3.7,0.176860556,0.201078973,0.622060472,"L_SLX20210914_043","Somena_scintillans","Erebidae","Ulmaceae",0.9515,0.201078973,0.176860556,0.622060472
60.5620155,311,0.9019,3.74,0.36162607,0.350887228,0.287486702,"L_SLX20210916_022","Acronicta_strigosa","Noctuidae","Fagaceae",0.9019,0.350887228,0.36162607,0.287486702
100,509,0.9657,4.04,0.708708487,0.0746951,0.216596414,"L_CMX20210804_025","Hypomecis_AH01Ch","Geometridae","Coriariaceae",0.9657,0.0746951,0.708708487,0.216596414
38.64961316,486,0.9287,4.07,0.57239757,0.206928454,0.220673975,"L_CMX20210804_019","Palirisa_sp.","Eupterotidae","Coriariaceae",0.9287,0.206928454,0.57239757,0.220673975
100,680,0.9594,4.11,0.81080477,0.073043076,0.116152154,"L_SLX20210914_006","Acronicta_major","Noctuidae","Sapindaceae",0.9594,0.073043076,0.81080477,0.116152154
67.66000476,705,0.9728,4.3,0.477955237,0.164707274,0.357337488,"L_CMX20210804_027","Alcis_AH03Ch","Geometridae","Elaeagnaceae",0.9728,0.164707274,0.477955237,0.357337488
86.03566149,531,0.9771,4.46,0.841518604,0.072759701,0.085721695,"L_SLX20210913_012","Locastra_muscosalis","Pyralidae","Juglandaceae",0.9771,0.072759701,0.841518604,0.085721695
